model,n,fully_correct_call_rate,function_accuracy,parameter_accuracy,answer_accuracy,execution_success_rate,mean_latency_total_ms,median_latency_total_ms
llama-3.1-8b-instant,70,0.7714285714285715,0.9285714285714286,0.7714285714285715,0.7142857142857143,0.8428571428571429,15368.638498569739,16159.460949973436
qwen/qwen3-32b,70,0.9142857142857143,0.9571428571428572,0.9142857142857143,0.9142857142857143,0.9571428571428572,19824.10475428998,20043.79440000048
